<?xml version="1.0" encoding="UTF-8"?>

<modulos>
    <nombre>Navegacion</nombre>
    <icono>mdi-action-subject</icono>
    <sitioMenu>principal</sitioMenu>
    <descripcion>Modulo navegacion</descripcion>
   
    <controladores>
        <controlador>
            <nombre>navegacionController</nombre>
            <icono>mdi-action-subject</icono>
            <display>Navegacion</display>
            <descripcion>Controlador de Navegacion</descripcion>
            
            <funciones>
                <funcion>
                    <nombre>listar</nombre>
                    <display>Edicion navegacion</display>
                    <descripcion>Editar navegacion</descripcion>
                </funcion>
            </funciones>
            
        </controlador>
    </controladores>
</modulos>