<?xml version="1.0" encoding="UTF-8"?>

<modulos>
    <nombre>Planes</nombre>
    <icono>mdi-action-view-list</icono>
    <sitioMenu>principal</sitioMenu>
    <descripcion>Modulo planes y tarifas</descripcion>
   
    <controladores>
        <controlador>
            <nombre>planesController</nombre>
            <icono>mdi-action-view-list</icono>
            <display>Planes y Tarifas</display>
            <descripcion>Controlador de planes y tarifas</descripcion>
            
            <funciones>
                <funcion>
                    <nombre>agregar</nombre>
                    <display>Agregar plan</display>
                    <descripcion>Agregar plan</descripcion>
                </funcion>
                <funcion>
                    <nombre>listar</nombre>
                    <display>Ver planes</display>
                    <descripcion>listar planes</descripcion>
                </funcion>
            </funciones>
            
        </controlador>
    </controladores>
</modulos>