<?xml version="1.0" encoding="UTF-8"?>

<modulos>
    <nombre>Permisos</nombre>
    <icono>mdi-action-lock</icono>
    <sitioMenu>configuracion</sitioMenu>
    <descripcion>Modulo de Permisos</descripcion>
   
    <controladores>
        <controlador>
            <nombre>permisosController</nombre>
            <icono>mdi-action-lock</icono>
            <display>Permisos</display>
            <descripcion>Controlador de Permisos</descripcion>
            
            <funciones>
                <funcion>
                    <nombre>crear</nombre>
                    <display>Asignar</display>
                    <descripcion>Asignar Permisos</descripcion>
                </funcion>
            </funciones>
            
        </controlador>
    </controladores>
</modulos>